[
    {
        "model": "authenticate.profile",
        "pk": 1,
        "fields": {
            "user": 1,
            "avatar_url": "https://avatars.githubusercontent.com/u/115666706?v=4",
            "bio": null,
            "phone": "",
            "show_tutorial": false,
            "twitter_username": null,
            "github_username": null,
            "portfolio_url": null,
            "linkedin_url": null,
            "blog": null
        }
    },
    {
        "model": "authenticate.profile",
        "pk": 2,
        "fields": {
            "user": 4,
            "avatar_url": "https://avatars.githubusercontent.com/u/115666706?v=4",
            "bio": null,
            "phone": "",
            "show_tutorial": true,
            "twitter_username": null,
            "github_username": null,
            "portfolio_url": null,
            "linkedin_url": null,
            "blog": null
        }
    },
    {
        "model": "authenticate.profile",
        "pk": 3,
        "fields": {
            "user": 10,
            "avatar_url": "https://avatars.githubusercontent.com/u/115666706?v=4",
            "bio": null,
            "phone": "",
            "show_tutorial": true,
            "twitter_username": null,
            "github_username": null,
            "portfolio_url": null,
            "linkedin_url": null,
            "blog": null
        }
    },
    {
        "model": "authenticate.profile",
        "pk": 4,
        "fields": {
            "user": 9,
            "avatar_url": "https://avatars.githubusercontent.com/u/115666706?v=4",
            "bio": null,
            "phone": "",
            "show_tutorial": true,
            "twitter_username": null,
            "github_username": null,
            "portfolio_url": null,
            "linkedin_url": null,
            "blog": null
        }
    },
    {
        "model": "authenticate.profile",
        "pk": 5,
        "fields": {
            "user": 12,
            "avatar_url": "https://avatars.githubusercontent.com/u/115666706?v=4",
            "bio": null,
            "phone": "",
            "show_tutorial": true,
            "twitter_username": null,
            "github_username": null,
            "portfolio_url": null,
            "linkedin_url": null,
            "blog": null
        }
    },
    {
        "model": "authenticate.profile",
        "pk": 6,
        "fields": {
            "user": 3,
            "avatar_url": "https://avatars.githubusercontent.com/u/115666706?v=4",
            "bio": null,
            "phone": "",
            "show_tutorial": true,
            "twitter_username": null,
            "github_username": null,
            "portfolio_url": null,
            "linkedin_url": null,
            "blog": null
        }
    },
    {
        "model": "authenticate.profile",
        "pk": 7,
        "fields": {
            "user": 5,
            "avatar_url": null,
            "bio": null,
            "phone": "",
            "show_tutorial": true,
            "twitter_username": null,
            "github_username": null,
            "portfolio_url": null,
            "linkedin_url": null,
            "blog": null
        }
    },
    {
        "model": "authenticate.profile",
        "pk": 8,
        "fields": {
            "user": 11,
            "avatar_url": null,
            "bio": null,
            "phone": "",
            "show_tutorial": true,
            "twitter_username": null,
            "github_username": null,
            "portfolio_url": null,
            "linkedin_url": null,
            "blog": null
        }
    },
    {
        "model": "authenticate.profile",
        "pk": 9,
        "fields": {
            "user": 7,
            "avatar_url": "https://avatars.githubusercontent.com/u/115666706?v=4",
            "bio": null,
            "phone": "",
            "show_tutorial": true,
            "twitter_username": null,
            "github_username": null,
            "portfolio_url": null,
            "linkedin_url": null,
            "blog": null
        }
    },
    {
        "model": "authenticate.profile",
        "pk": 10,
        "fields": {
            "user": 8,
            "avatar_url": "https://avatars.githubusercontent.com/u/115666706?v=4",
            "bio": null,
            "phone": "",
            "show_tutorial": true,
            "twitter_username": null,
            "github_username": null,
            "portfolio_url": null,
            "linkedin_url": null,
            "blog": null
        }
    },
    {
        "model": "authenticate.profile",
        "pk": 11,
        "fields": {
            "user": 2,
            "avatar_url": "https://avatars.githubusercontent.com/u/115666706?v=4",
            "bio": null,
            "phone": "",
            "show_tutorial": true,
            "twitter_username": null,
            "github_username": null,
            "portfolio_url": null,
            "linkedin_url": null,
            "blog": null
        }
    },
    {
        "model": "authenticate.capability",
        "pk": "academy_reporting",
        "fields": {
            "description": "Get detailed reports about the academy activity"
        }
    },
    {
        "model": "authenticate.capability",
        "pk": "classroom_activity",
        "fields": {
            "description": "To report student activities during the classroom or cohorts (Specially meant for teachers)"
        }
    },
    {
        "model": "authenticate.capability",
        "pk": "crud_activity",
        "fields": {
            "description": "Create, update or delete a user activities"
        }
    },
    {
        "model": "authenticate.capability",
        "pk": "crud_asset",
        "fields": {
            "description": "Update, create and delete registry assets"
        }
    },
    {
        "model": "authenticate.capability",
        "pk": "crud_assignment",
        "fields": {
            "description": "Create, update or delete a assignment"
        }
    },
    {
        "model": "authenticate.capability",
        "pk": "crud_category",
        "fields": {
            "description": "Update and delete categories from the content registry"
        }
    },
    {
        "model": "authenticate.capability",
        "pk": "crud_certificate",
        "fields": {
            "description": "Create, update or delete student certificates"
        }
    },
    {
        "model": "authenticate.capability",
        "pk": "crud_cohort",
        "fields": {
            "description": "Create, update or delete cohort info"
        }
    },
    {
        "model": "authenticate.capability",
        "pk": "crud_cohort_log",
        "fields": {
            "description": "Update and delete things like the cohort attendance, teacher comments, etc"
        }
    },
    {
        "model": "authenticate.capability",
        "pk": "crud_event",
        "fields": {
            "description": "Create, update or delete event information"
        }
    },
    {
        "model": "authenticate.capability",
        "pk": "crud_freelancer_bill",
        "fields": {
            "description": "Create, delete or update all freelancer bills from one academy"
        }
    },
    {
        "model": "authenticate.capability",
        "pk": "crud_invite",
        "fields": {
            "description": "Create, update or delete invites from users"
        }
    },
    {
        "model": "authenticate.capability",
        "pk": "crud_keyword",
        "fields": {
            "description": "Update, create and delete SEO keywords"
        }
    },
    {
        "model": "authenticate.capability",
        "pk": "crud_keywordcluster",
        "fields": {
            "description": "Update, create and delete asset technologies"
        }
    },
    {
        "model": "authenticate.capability",
        "pk": "crud_lead",
        "fields": {
            "description": "Create, update or delete academy leads"
        }
    },
    {
        "model": "authenticate.capability",
        "pk": "crud_media",
        "fields": {
            "description": "Create, update or delete academy medias"
        }
    },
    {
        "model": "authenticate.capability",
        "pk": "crud_media_resolution",
        "fields": {
            "description": "Create, update or delete academy media resolutions"
        }
    },
    {
        "model": "authenticate.capability",
        "pk": "crud_member",
        "fields": {
            "description": "Create, update or delete academy members (very high level, almost the academy admin)"
        }
    },
    {
        "model": "authenticate.capability",
        "pk": "crud_mentorship_bill",
        "fields": {
            "description": "Create, delete or update all mentroship bills from one academy"
        }
    },
    {
        "model": "authenticate.capability",
        "pk": "crud_mentorship_mentor",
        "fields": {
            "description": "Create, delete or update all mentorship mentors from one academy"
        }
    },
    {
        "model": "authenticate.capability",
        "pk": "crud_mentorship_service",
        "fields": {
            "description": "Create, delete or update all mentorship services from one academy"
        }
    },
    {
        "model": "authenticate.capability",
        "pk": "crud_mentorship_session",
        "fields": {
            "description": "Create, delete or update all session from one academy"
        }
    },
    {
        "model": "authenticate.capability",
        "pk": "crud_my_academy",
        "fields": {
            "description": "Read, or update your academy information (very high level, almost the academy admin)"
        }
    },
    {
        "model": "authenticate.capability",
        "pk": "crud_organization",
        "fields": {
            "description": "Update, create or delete academy organization details"
        }
    },
    {
        "model": "authenticate.capability",
        "pk": "crud_project_invoice",
        "fields": {
            "description": "Create, Update and delete project invoices"
        }
    },
    {
        "model": "authenticate.capability",
        "pk": "crud_review",
        "fields": {
            "description": "Create, update or delete academy reviews"
        }
    },
    {
        "model": "authenticate.capability",
        "pk": "crud_shortlink",
        "fields": {
            "description": "Create, update and delete marketing short links"
        }
    },
    {
        "model": "authenticate.capability",
        "pk": "crud_student",
        "fields": {
            "description": "Create, update or delete students"
        }
    },
    {
        "model": "authenticate.capability",
        "pk": "crud_survey",
        "fields": {
            "description": "Create, update or delete surveys"
        }
    },
    {
        "model": "authenticate.capability",
        "pk": "crud_syllabus",
        "fields": {
            "description": "Create, update or delete syllabus versions"
        }
    },
    {
        "model": "authenticate.capability",
        "pk": "crud_tag",
        "fields": {
            "description": "Update, create and delete a marketing tag and its details"
        }
    },
    {
        "model": "authenticate.capability",
        "pk": "crud_technology",
        "fields": {
            "description": "Update, create and delete asset technologies"
        }
    },
    {
        "model": "authenticate.capability",
        "pk": "generate_academy_token",
        "fields": {
            "description": "Create a new token only to be used by the academy"
        }
    },
    {
        "model": "authenticate.capability",
        "pk": "generate_temporal_token",
        "fields": {
            "description": "Generate a temporal token to reset github credential or forgot password"
        }
    },
    {
        "model": "authenticate.capability",
        "pk": "get_academy_token",
        "fields": {
            "description": "Read the academy token"
        }
    },
    {
        "model": "authenticate.capability",
        "pk": "get_gitpod_user",
        "fields": {
            "description": "List gitpod user the academy is consuming"
        }
    },
    {
        "model": "authenticate.capability",
        "pk": "invite_resend",
        "fields": {
            "description": "Resent invites for user academies"
        }
    },
    {
        "model": "authenticate.capability",
        "pk": "read_activity",
        "fields": {
            "description": "List all the user activities"
        }
    },
    {
        "model": "authenticate.capability",
        "pk": "read_all_cohort",
        "fields": {
            "description": "List all the cohorts or single cohort information"
        }
    },
    {
        "model": "authenticate.capability",
        "pk": "read_asset",
        "fields": {
            "description": "Read all academy registry assets"
        }
    },
    {
        "model": "authenticate.capability",
        "pk": "read_assignment",
        "fields": {
            "description": "List all the assignments"
        }
    },
    {
        "model": "authenticate.capability",
        "pk": "read_assignment_sensitive_details",
        "fields": {
            "description": "The mentor in residence is allowed to see aditional info about the task, like the \"delivery url\""
        }
    },
    {
        "model": "authenticate.capability",
        "pk": "read_category",
        "fields": {
            "description": "Read categories from the content registry"
        }
    },
    {
        "model": "authenticate.capability",
        "pk": "read_certificate",
        "fields": {
            "description": "List and read all academy certificates"
        }
    },
    {
        "model": "authenticate.capability",
        "pk": "read_cohort",
        "fields": {
            "description": "List all the cohorts or a single cohort information"
        }
    },
    {
        "model": "authenticate.capability",
        "pk": "read_cohort_activity",
        "fields": {
            "description": "Read low level activity in a cohort (attendancy, etc.)"
        }
    },
    {
        "model": "authenticate.capability",
        "pk": "read_cohort_log",
        "fields": {
            "description": "Read the cohort logo that contains attendance and other info logged each day"
        }
    },
    {
        "model": "authenticate.capability",
        "pk": "read_event",
        "fields": {
            "description": "List and retrieve event information"
        }
    },
    {
        "model": "authenticate.capability",
        "pk": "read_eventcheckin",
        "fields": {
            "description": "List and read all the event_checkins"
        }
    },
    {
        "model": "authenticate.capability",
        "pk": "read_freelance_projects",
        "fields": {
            "description": "Read project details without financials"
        }
    },
    {
        "model": "authenticate.capability",
        "pk": "read_freelancer_bill",
        "fields": {
            "description": "Read all all freelancer bills from one academy"
        }
    },
    {
        "model": "authenticate.capability",
        "pk": "read_invite",
        "fields": {
            "description": "Read invites from users"
        }
    },
    {
        "model": "authenticate.capability",
        "pk": "read_keyword",
        "fields": {
            "description": "Read SEO keywords"
        }
    },
    {
        "model": "authenticate.capability",
        "pk": "read_keywordcluster",
        "fields": {
            "description": "Update, create and delete asset technologies"
        }
    },
    {
        "model": "authenticate.capability",
        "pk": "read_layout",
        "fields": {
            "description": "Read layouts to generate new certificates"
        }
    },
    {
        "model": "authenticate.capability",
        "pk": "read_lead",
        "fields": {
            "description": "List all the leads"
        }
    },
    {
        "model": "authenticate.capability",
        "pk": "read_lead_gen_app",
        "fields": {
            "description": "Read lead generation apps"
        }
    },
    {
        "model": "authenticate.capability",
        "pk": "read_media",
        "fields": {
            "description": "List all the medias"
        }
    },
    {
        "model": "authenticate.capability",
        "pk": "read_media_resolution",
        "fields": {
            "description": "List all the medias resolutions"
        }
    },
    {
        "model": "authenticate.capability",
        "pk": "read_member",
        "fields": {
            "description": "Read academy staff member information"
        }
    },
    {
        "model": "authenticate.capability",
        "pk": "read_mentorship_bill",
        "fields": {
            "description": "Read all mentroship bills from one academy"
        }
    },
    {
        "model": "authenticate.capability",
        "pk": "read_mentorship_mentor",
        "fields": {
            "description": "Get all mentorship mentors from one academy"
        }
    },
    {
        "model": "authenticate.capability",
        "pk": "read_mentorship_service",
        "fields": {
            "description": "Get all mentorship services from one academy"
        }
    },
    {
        "model": "authenticate.capability",
        "pk": "read_mentorship_session",
        "fields": {
            "description": "Get all session from one academy"
        }
    },
    {
        "model": "authenticate.capability",
        "pk": "read_my_academy",
        "fields": {
            "description": "Read your academy information"
        }
    },
    {
        "model": "authenticate.capability",
        "pk": "read_nps_answers",
        "fields": {
            "description": "List all the nps answers"
        }
    },
    {
        "model": "authenticate.capability",
        "pk": "read_organization",
        "fields": {
            "description": "Read academy organization details"
        }
    },
    {
        "model": "authenticate.capability",
        "pk": "read_project_invoice",
        "fields": {
            "description": "Read the financial status of a project and invoices"
        }
    },
    {
        "model": "authenticate.capability",
        "pk": "read_review",
        "fields": {
            "description": "Read review for a particular academy"
        }
    },
    {
        "model": "authenticate.capability",
        "pk": "read_shortlink",
        "fields": {
            "description": "Access the list of marketing shortlinks"
        }
    },
    {
        "model": "authenticate.capability",
        "pk": "read_single_cohort",
        "fields": {
            "description": "single cohort information related to a user"
        }
    },
    {
        "model": "authenticate.capability",
        "pk": "read_student",
        "fields": {
            "description": "Read student information"
        }
    },
    {
        "model": "authenticate.capability",
        "pk": "read_survey",
        "fields": {
            "description": "List all the nps answers"
        }
    },
    {
        "model": "authenticate.capability",
        "pk": "read_syllabus",
        "fields": {
            "description": "List and read syllabus information"
        }
    },
    {
        "model": "authenticate.capability",
        "pk": "read_tag",
        "fields": {
            "description": "Read marketing tags and their details"
        }
    },
    {
        "model": "authenticate.capability",
        "pk": "read_technology",
        "fields": {
            "description": "Read asset technologies"
        }
    },
    {
        "model": "authenticate.capability",
        "pk": "read_won_lead",
        "fields": {
            "description": "List all the won leads"
        }
    },
    {
        "model": "authenticate.capability",
        "pk": "send_reset_password",
        "fields": {
            "description": "Generate a temporal token and resend forgot password link"
        }
    },
    {
        "model": "authenticate.capability",
        "pk": "task_delivery_details",
        "fields": {
            "description": "Get delivery URL for a task, that url can be sent to students for delivery"
        }
    },
    {
        "model": "authenticate.capability",
        "pk": "update_gitpod_user",
        "fields": {
            "description": "Update gitpod user expiration based on available information"
        }
    },
    {
        "model": "authenticate.role",
        "pk": "academy_coordinator",
        "fields": {
            "name": "Mentor in residence",
            "created_at": "2021-02-26T06:51:06.844Z",
            "updated_at": "2021-02-26T06:51:06.844Z",
            "capabilities": [
                "academy_reporting",
                "classroom_activity",
                "crud_activity",
                "crud_assignment",
                "crud_certificate",
                "crud_cohort",
                "crud_cohort_log",
                "crud_freelancer_bill",
                "crud_invite",
                "crud_member",
                "crud_mentorship_bill",
                "crud_mentorship_mentor",
                "crud_mentorship_service",
                "crud_mentorship_session",
                "crud_review",
                "crud_shortlink",
                "crud_student",
                "crud_survey",
                "crud_syllabus",
                "generate_temporal_token",
                "get_academy_token",
                "get_gitpod_user",
                "invite_resend",
                "read_activity",
                "read_all_cohort",
                "read_assignment",
                "read_assignment_sensitive_details",
                "read_certificate",
                "read_cohort_activity",
                "read_cohort_log",
                "read_event",
                "read_eventcheckin",
                "read_freelance_projects",
                "read_invite",
                "read_layout",
                "read_lead_gen_app",
                "read_media",
                "read_member",
                "read_mentorship_bill",
                "read_mentorship_mentor",
                "read_mentorship_service",
                "read_mentorship_session",
                "read_my_academy",
                "read_nps_answers",
                "read_project_invoice",
                "read_review",
                "read_shortlink",
                "read_student",
                "read_survey",
                "read_syllabus",
                "read_tag",
                "read_technology",
                "read_won_lead",
                "send_reset_password",
                "task_delivery_details",
                "update_gitpod_user"
            ]
        }
    },
    {
        "model": "authenticate.role",
        "pk": "academy_token",
        "fields": {
            "name": "Academy Token",
            "created_at": "2022-10-12T20:35:29.194Z",
            "updated_at": "2022-10-12T20:35:29.194Z",
            "capabilities": [
                "crud_lead",
                "crud_tag",
                "read_all_cohort",
                "read_cohort_log",
                "read_freelancer_bill",
                "read_invite",
                "read_lead",
                "read_lead_gen_app",
                "read_media",
                "read_member",
                "read_mentorship_mentor",
                "read_mentorship_service",
                "read_my_academy",
                "read_nps_answers",
                "read_review",
                "read_shortlink",
                "read_student",
                "read_syllabus",
                "read_tag",
                "read_technology",
                "read_won_lead"
            ]
        }
    },
    {
        "model": "authenticate.role",
        "pk": "accountant",
        "fields": {
            "name": "Accountant",
            "created_at": "2022-10-12T20:35:29.445Z",
            "updated_at": "2022-10-12T20:35:29.445Z",
            "capabilities": [
                "academy_reporting",
                "crud_activity",
                "crud_freelancer_bill",
                "crud_mentorship_bill",
                "crud_project_invoice",
                "get_academy_token",
                "read_activity",
                "read_all_cohort",
                "read_certificate",
                "read_event",
                "read_eventcheckin",
                "read_freelancer_bill",
                "read_invite",
                "read_layout",
                "read_lead_gen_app",
                "read_media",
                "read_member",
                "read_mentorship_bill",
                "read_mentorship_mentor",
                "read_mentorship_service",
                "read_my_academy",
                "read_project_invoice",
                "read_review",
                "read_shortlink",
                "read_student",
                "read_survey",
                "read_syllabus",
                "read_tag",
                "read_technology",
                "read_won_lead"
            ]
        }
    },
    {
        "model": "authenticate.role",
        "pk": "admin",
        "fields": {
            "name": "Admin",
            "created_at": "2021-02-26T06:51:06.674Z",
            "updated_at": "2021-02-26T06:51:06.674Z",
            "capabilities": [
                "academy_reporting",
                "classroom_activity",
                "crud_activity",
                "crud_asset",
                "crud_assignment",
                "crud_category",
                "crud_certificate",
                "crud_cohort",
                "crud_cohort_log",
                "crud_event",
                "crud_freelancer_bill",
                "crud_invite",
                "crud_keyword",
                "crud_keywordcluster",
                "crud_lead",
                "crud_media",
                "crud_media_resolution",
                "crud_member",
                "crud_mentorship_bill",
                "crud_mentorship_mentor",
                "crud_mentorship_service",
                "crud_mentorship_session",
                "crud_my_academy",
                "crud_organization",
                "crud_project_invoice",
                "crud_review",
                "crud_shortlink",
                "crud_student",
                "crud_survey",
                "crud_syllabus",
                "crud_tag",
                "crud_technology",
                "generate_academy_token",
                "generate_temporal_token",
                "get_academy_token",
                "get_gitpod_user",
                "invite_resend",
                "read_activity",
                "read_all_cohort",
                "read_asset",
                "read_assignment",
                "read_assignment_sensitive_details",
                "read_category",
                "read_certificate",
                "read_cohort_activity",
                "read_cohort_log",
                "read_event",
                "read_eventcheckin",
                "read_freelance_projects",
                "read_freelancer_bill",
                "read_invite",
                "read_keyword",
                "read_keywordcluster",
                "read_layout",
                "read_lead",
                "read_lead_gen_app",
                "read_media",
                "read_media_resolution",
                "read_member",
                "read_mentorship_bill",
                "read_mentorship_mentor",
                "read_mentorship_service",
                "read_mentorship_session",
                "read_my_academy",
                "read_nps_answers",
                "read_organization",
                "read_project_invoice",
                "read_review",
                "read_shortlink",
                "read_single_cohort",
                "read_student",
                "read_survey",
                "read_syllabus",
                "read_tag",
                "read_technology",
                "read_won_lead",
                "send_reset_password",
                "task_delivery_details",
                "update_gitpod_user"
            ]
        }
    },
    {
        "model": "authenticate.role",
        "pk": "admissions_developer",
        "fields": {
            "name": "Admissions Developer",
            "created_at": "2021-02-26T06:51:06.773Z",
            "updated_at": "2021-02-26T06:51:06.773Z",
            "capabilities": [
                "academy_reporting",
                "crud_activity",
                "crud_cohort",
                "crud_lead",
                "crud_student",
                "get_academy_token",
                "invite_resend",
                "read_activity",
                "read_all_cohort",
                "read_certificate",
                "read_event",
                "read_eventcheckin",
                "read_invite",
                "read_layout",
                "read_lead",
                "read_lead_gen_app",
                "read_media",
                "read_member",
                "read_mentorship_mentor",
                "read_mentorship_service",
                "read_my_academy",
                "read_review",
                "read_shortlink",
                "read_student",
                "read_survey",
                "read_syllabus",
                "read_tag",
                "read_technology",
                "read_won_lead"
            ]
        }
    },
    {
        "model": "authenticate.role",
        "pk": "assistant",
        "fields": {
            "name": "Teacher Assistant",
            "created_at": "2021-02-26T06:51:06.744Z",
            "updated_at": "2021-02-26T06:51:06.744Z",
            "capabilities": [
                "academy_reporting",
                "classroom_activity",
                "crud_activity",
                "crud_assignment",
                "crud_cohort",
                "crud_cohort_log",
                "get_academy_token",
                "read_activity",
                "read_all_cohort",
                "read_assignment",
                "read_certificate",
                "read_cohort_activity",
                "read_cohort_log",
                "read_event",
                "read_eventcheckin",
                "read_invite",
                "read_layout",
                "read_lead_gen_app",
                "read_media",
                "read_member",
                "read_mentorship_mentor",
                "read_mentorship_service",
                "read_my_academy",
                "read_nps_answers",
                "read_review",
                "read_shortlink",
                "read_student",
                "read_survey",
                "read_syllabus",
                "read_tag",
                "read_technology",
                "read_won_lead",
                "task_delivery_details"
            ]
        }
    },
    {
        "model": "authenticate.role",
        "pk": "career_support",
        "fields": {
            "name": "Career Support Specialist",
            "created_at": "2021-02-26T06:51:06.759Z",
            "updated_at": "2021-02-26T06:51:06.759Z",
            "capabilities": [
                "academy_reporting",
                "crud_activity",
                "crud_certificate",
                "crud_mentorship_bill",
                "crud_mentorship_mentor",
                "crud_mentorship_service",
                "crud_mentorship_session",
                "crud_shortlink",
                "get_academy_token",
                "read_activity",
                "read_all_cohort",
                "read_certificate",
                "read_event",
                "read_eventcheckin",
                "read_invite",
                "read_layout",
                "read_lead_gen_app",
                "read_media",
                "read_member",
                "read_mentorship_bill",
                "read_mentorship_mentor",
                "read_mentorship_service",
                "read_mentorship_session",
                "read_my_academy",
                "read_review",
                "read_shortlink",
                "read_student",
                "read_survey",
                "read_syllabus",
                "read_tag",
                "read_technology",
                "read_won_lead"
            ]
        }
    },
    {
        "model": "authenticate.role",
        "pk": "community_manager",
        "fields": {
            "name": "Manage Syllabus, Exercises and all academy content",
            "created_at": "2022-10-12T20:35:29.383Z",
            "updated_at": "2022-10-12T20:35:29.383Z",
            "capabilities": [
                "academy_reporting",
                "crud_activity",
                "crud_asset",
                "crud_event",
                "crud_lead",
                "crud_media",
                "get_academy_token",
                "read_activity",
                "read_all_cohort",
                "read_asset",
                "read_certificate",
                "read_event",
                "read_eventcheckin",
                "read_invite",
                "read_keyword",
                "read_keywordcluster",
                "read_layout",
                "read_lead",
                "read_lead_gen_app",
                "read_media",
                "read_member",
                "read_mentorship_mentor",
                "read_mentorship_service",
                "read_my_academy",
                "read_nps_answers",
                "read_review",
                "read_shortlink",
                "read_student",
                "read_survey",
                "read_syllabus",
                "read_tag",
                "read_technology",
                "read_won_lead"
            ]
        }
    },
    {
        "model": "authenticate.role",
        "pk": "content_writer",
        "fields": {
            "name": "Content Writer (Base)",
            "created_at": "2022-10-12T20:35:29.233Z",
            "updated_at": "2022-10-12T20:35:29.233Z",
            "capabilities": [
                "read_my_academy",
                "read_media",
                "read_asset",
                "crud_asset",
                "read_keyword",
                "read_keywordcluster",
                "read_category",
                "crud_category",
                "read_member"
            ]
        }
    },
    {
        "model": "authenticate.role",
        "pk": "country_manager",
        "fields": {
            "name": "Country Manager",
            "created_at": "2021-02-26T06:51:06.860Z",
            "updated_at": "2021-02-26T06:51:06.860Z",
            "capabilities": [
                "academy_reporting",
                "classroom_activity",
                "crud_activity",
                "crud_asset",
                "crud_assignment",
                "crud_category",
                "crud_certificate",
                "crud_cohort",
                "crud_cohort_log",
                "crud_event",
                "crud_freelancer_bill",
                "crud_invite",
                "crud_keyword",
                "crud_keywordcluster",
                "crud_lead",
                "crud_media",
                "crud_member",
                "crud_mentorship_bill",
                "crud_mentorship_mentor",
                "crud_mentorship_service",
                "crud_mentorship_session",
                "crud_my_academy",
                "crud_organization",
                "crud_project_invoice",
                "crud_review",
                "crud_shortlink",
                "crud_student",
                "crud_survey",
                "crud_syllabus",
                "crud_tag",
                "crud_technology",
                "generate_academy_token",
                "generate_temporal_token",
                "get_academy_token",
                "get_gitpod_user",
                "invite_resend",
                "read_activity",
                "read_all_cohort",
                "read_asset",
                "read_assignment",
                "read_assignment_sensitive_details",
                "read_category",
                "read_certificate",
                "read_cohort_activity",
                "read_cohort_log",
                "read_event",
                "read_eventcheckin",
                "read_freelance_projects",
                "read_freelancer_bill",
                "read_invite",
                "read_keyword",
                "read_keywordcluster",
                "read_layout",
                "read_lead",
                "read_lead_gen_app",
                "read_media",
                "read_member",
                "read_mentorship_bill",
                "read_mentorship_mentor",
                "read_mentorship_service",
                "read_mentorship_session",
                "read_my_academy",
                "read_nps_answers",
                "read_organization",
                "read_project_invoice",
                "read_review",
                "read_shortlink",
                "read_single_cohort",
                "read_student",
                "read_survey",
                "read_syllabus",
                "read_tag",
                "read_technology",
                "read_won_lead",
                "send_reset_password",
                "task_delivery_details",
                "update_gitpod_user"
            ]
        }
    },
    {
        "model": "authenticate.role",
        "pk": "culture_and_recruitment",
        "fields": {
            "name": "Culture and Recruitment",
            "created_at": "2022-10-12T20:35:29.361Z",
            "updated_at": "2022-10-12T20:35:29.361Z",
            "capabilities": [
                "academy_reporting",
                "crud_activity",
                "crud_media",
                "crud_member",
                "get_academy_token",
                "read_activity",
                "read_all_cohort",
                "read_certificate",
                "read_event",
                "read_eventcheckin",
                "read_invite",
                "read_layout",
                "read_lead_gen_app",
                "read_media",
                "read_member",
                "read_mentorship_mentor",
                "read_mentorship_service",
                "read_my_academy",
                "read_review",
                "read_shortlink",
                "read_student",
                "read_survey",
                "read_syllabus",
                "read_tag",
                "read_technology",
                "read_won_lead"
            ]
        }
    },
    {
        "model": "authenticate.role",
        "pk": "growth_manager",
        "fields": {
            "name": "Growth Manager",
            "created_at": "2021-02-26T06:51:06.808Z",
            "updated_at": "2021-02-26T06:51:06.808Z",
            "capabilities": [
                "academy_reporting",
                "crud_activity",
                "crud_asset",
                "crud_event",
                "crud_keyword",
                "crud_keywordcluster",
                "crud_lead",
                "crud_media",
                "crud_review",
                "crud_shortlink",
                "crud_tag",
                "get_academy_token",
                "read_activity",
                "read_all_cohort",
                "read_asset",
                "read_certificate",
                "read_event",
                "read_eventcheckin",
                "read_invite",
                "read_keyword",
                "read_keywordcluster",
                "read_layout",
                "read_lead",
                "read_lead_gen_app",
                "read_media",
                "read_member",
                "read_mentorship_mentor",
                "read_mentorship_service",
                "read_my_academy",
                "read_nps_answers",
                "read_review",
                "read_shortlink",
                "read_student",
                "read_survey",
                "read_syllabus",
                "read_tag",
                "read_technology",
                "read_won_lead"
            ]
        }
    },
    {
        "model": "authenticate.role",
        "pk": "homework_reviewer",
        "fields": {
            "name": "Homework Reviewer",
            "created_at": "2022-10-12T20:35:29.470Z",
            "updated_at": "2022-10-12T20:35:29.470Z",
            "capabilities": [
                "academy_reporting",
                "classroom_activity",
                "crud_activity",
                "crud_assignment",
                "crud_cohort",
                "crud_cohort_log",
                "get_academy_token",
                "read_activity",
                "read_all_cohort",
                "read_assignment",
                "read_certificate",
                "read_cohort_activity",
                "read_cohort_log",
                "read_event",
                "read_eventcheckin",
                "read_invite",
                "read_layout",
                "read_lead_gen_app",
                "read_media",
                "read_member",
                "read_mentorship_mentor",
                "read_mentorship_service",
                "read_my_academy",
                "read_nps_answers",
                "read_review",
                "read_shortlink",
                "read_student",
                "read_survey",
                "read_syllabus",
                "read_tag",
                "read_technology",
                "read_won_lead",
                "task_delivery_details"
            ]
        }
    },
    {
        "model": "authenticate.role",
        "pk": "staff",
        "fields": {
            "name": "Staff (Base)",
            "created_at": "2022-10-12T20:35:29.212Z",
            "updated_at": "2022-10-12T20:35:29.212Z",
            "capabilities": [
                "academy_reporting",
                "crud_activity",
                "get_academy_token",
                "read_activity",
                "read_all_cohort",
                "read_certificate",
                "read_event",
                "read_eventcheckin",
                "read_invite",
                "read_layout",
                "read_lead_gen_app",
                "read_media",
                "read_member",
                "read_mentorship_mentor",
                "read_mentorship_service",
                "read_my_academy",
                "read_review",
                "read_shortlink",
                "read_student",
                "read_survey",
                "read_syllabus",
                "read_tag",
                "read_technology",
                "read_won_lead"
            ]
        }
    },
    {
        "model": "authenticate.role",
        "pk": "student",
        "fields": {
            "name": "Student",
            "created_at": "2021-02-26T06:51:06.730Z",
            "updated_at": "2021-02-26T06:51:06.730Z",
            "capabilities": [
                "read_all_cohort",
                "read_single_cohort",
                "read_mentorship_mentor",
                "read_my_academy",
                "crud_activity",
                "crud_assignment",
                "read_mentorship_service",
                "read_cohort_log",
                "read_syllabus",
                "read_assignment"
            ]
        }
    },
    {
        "model": "authenticate.role",
        "pk": "syllabus_coordinator",
        "fields": {
            "name": "Manage Syllabus, Exercises and all academy content",
            "created_at": "2021-02-26T06:51:06.798Z",
            "updated_at": "2021-02-26T06:51:06.798Z",
            "capabilities": [
                "academy_reporting",
                "crud_activity",
                "crud_asset",
                "crud_category",
                "crud_freelancer_bill",
                "crud_media",
                "crud_syllabus",
                "crud_technology",
                "get_academy_token",
                "read_activity",
                "read_all_cohort",
                "read_asset",
                "read_category",
                "read_certificate",
                "read_event",
                "read_eventcheckin",
                "read_freelancer_bill",
                "read_invite",
                "read_keyword",
                "read_keywordcluster",
                "read_layout",
                "read_lead_gen_app",
                "read_media",
                "read_member",
                "read_mentorship_mentor",
                "read_mentorship_service",
                "read_my_academy",
                "read_review",
                "read_shortlink",
                "read_student",
                "read_survey",
                "read_syllabus",
                "read_tag",
                "read_technology",
                "read_won_lead"
            ]
        }
    },
    {
        "model": "authenticate.role",
        "pk": "teacher",
        "fields": {
            "name": "Teacher",
            "created_at": "2021-02-26T06:51:06.829Z",
            "updated_at": "2021-02-26T06:51:06.829Z",
            "capabilities": [
                "academy_reporting",
                "classroom_activity",
                "crud_activity",
                "crud_assignment",
                "crud_cohort",
                "crud_cohort_log",
                "get_academy_token",
                "read_activity",
                "read_all_cohort",
                "read_assignment",
                "read_certificate",
                "read_cohort_activity",
                "read_cohort_log",
                "read_event",
                "read_eventcheckin",
                "read_invite",
                "read_layout",
                "read_lead_gen_app",
                "read_media",
                "read_member",
                "read_mentorship_mentor",
                "read_mentorship_service",
                "read_my_academy",
                "read_nps_answers",
                "read_review",
                "read_shortlink",
                "read_student",
                "read_survey",
                "read_syllabus",
                "read_tag",
                "read_technology",
                "read_won_lead",
                "task_delivery_details"
            ]
        }
    },
    {
        "model": "authenticate.userinvite",
        "pk": 1,
        "fields": {
            "email": "gonzalez.tommy2001@gmail.com",
            "academy": 1,
            "cohort": 1,
            "role": "student",
            "first_name": "Tomas",
            "last_name": "Gonzalez",
            "token": "ad96576994f98792ee2fecdb80ab13326e8397d0",
            "author": 2,
            "status": "PENDING",
            "process_status": "PENDING",
            "process_message": "Click on create account",
            "phone": "+584149544966",
            "created_at": "2022-10-13T00:17:59.970Z",
            "updated_at": "2022-10-13T00:17:59.970Z",
            "sent_at": "2022-10-13T00:16:50Z"
        }
    },
    {
        "model": "authenticate.profileacademy",
        "pk": 1,
        "fields": {
            "user": 1,
            "email": "aalejo@gmail.com",
            "academy": 1,
            "role": "admin",
            "first_name": "Alejandro",
            "last_name": "Sanchez",
            "address": null,
            "phone": "",
            "status": "ACTIVE",
            "created_at": "2022-10-12T21:59:33.999Z",
            "updated_at": "2022-10-12T21:59:33.999Z"
        }
    },
    {
        "model": "authenticate.profileacademy",
        "pk": 2,
        "fields": {
            "user": 4,
            "email": "acalisaya@4geeksacademy.com",
            "academy": 1,
            "role": "admin",
            "first_name": "Ariel",
            "last_name": "Calisaya",
            "address": null,
            "phone": "",
            "status": "ACTIVE",
            "created_at": "2022-10-12T21:59:59.202Z",
            "updated_at": "2022-10-12T22:00:02.128Z"
        }
    },
    {
        "model": "authenticate.profileacademy",
        "pk": 3,
        "fields": {
            "user": 10,
            "email": "albertoperez@teacher.com",
            "academy": 2,
            "role": "teacher",
            "first_name": "Alberto",
            "last_name": "Perez",
            "address": null,
            "phone": "",
            "status": "ACTIVE",
            "created_at": "2022-10-12T22:00:23.874Z",
            "updated_at": "2022-10-12T22:00:23.874Z"
        }
    },
    {
        "model": "authenticate.profileacademy",
        "pk": 4,
        "fields": {
            "user": 9,
            "email": "allenmartinez@gmail.com",
            "academy": 1,
            "role": "student",
            "first_name": "Allen",
            "last_name": "Martinez",
            "address": null,
            "phone": "",
            "status": "ACTIVE",
            "created_at": "2022-10-12T22:01:06.396Z",
            "updated_at": "2022-10-12T22:01:06.396Z"
        }
    },
    {
        "model": "authenticate.profileacademy",
        "pk": 5,
        "fields": {
            "user": 9,
            "email": "allenmartinez@gmail.com",
            "academy": 1,
            "role": "student",
            "first_name": "Allen",
            "last_name": "Martinez",
            "address": null,
            "phone": "",
            "status": "ACTIVE",
            "created_at": "2022-10-12T22:01:50.580Z",
            "updated_at": "2022-10-12T22:01:50.580Z"
        }
    },
    {
        "model": "authenticate.profileacademy",
        "pk": 6,
        "fields": {
            "user": 12,
            "email": "carlossainz@gmail.com",
            "academy": 2,
            "role": "student",
            "first_name": "Carlos",
            "last_name": "Sainz",
            "address": null,
            "phone": "",
            "status": "ACTIVE",
            "created_at": "2022-10-12T22:02:12.262Z",
            "updated_at": "2022-10-12T22:02:12.262Z"
        }
    },
    {
        "model": "authenticate.profileacademy",
        "pk": 7,
        "fields": {
            "user": 3,
            "email": "gmarquez@4geeksacademy.com",
            "academy": 1,
            "role": "admin",
            "first_name": "Gustavo",
            "last_name": "Marquez",
            "address": null,
            "phone": "",
            "status": "ACTIVE",
            "created_at": "2022-10-12T22:03:01.305Z",
            "updated_at": "2022-10-12T22:03:01.305Z"
        }
    },
    {
        "model": "authenticate.profileacademy",
        "pk": 8,
        "fields": {
            "user": 5,
            "email": "jdefreitaspinto@gmail.com",
            "academy": 1,
            "role": "admin",
            "first_name": "Jeferson",
            "last_name": "De Freitas",
            "address": null,
            "phone": "",
            "status": "ACTIVE",
            "created_at": "2022-10-12T22:03:27.082Z",
            "updated_at": "2022-10-12T22:03:27.082Z"
        }
    },
    {
        "model": "authenticate.profileacademy",
        "pk": 9,
        "fields": {
            "user": 11,
            "email": "jesussolis@teacherassistant.com",
            "academy": 1,
            "role": "assistant",
            "first_name": "Jesus",
            "last_name": "Solis",
            "address": null,
            "phone": "",
            "status": "ACTIVE",
            "created_at": "2022-10-12T22:03:52.497Z",
            "updated_at": "2022-10-12T22:03:52.497Z"
        }
    },
    {
        "model": "authenticate.profileacademy",
        "pk": 10,
        "fields": {
            "user": 11,
            "email": "jesussolis@teacherassistant.com",
            "academy": 2,
            "role": "assistant",
            "first_name": "Jesus",
            "last_name": "Solis",
            "address": null,
            "phone": "",
            "status": "ACTIVE",
            "created_at": "2022-10-12T22:04:16.910Z",
            "updated_at": "2022-10-12T22:04:16.910Z"
        }
    },
    {
        "model": "authenticate.profileacademy",
        "pk": 11,
        "fields": {
            "user": 7,
            "email": "joedoe@gmail.com",
            "academy": 1,
            "role": "student",
            "first_name": "Joe",
            "last_name": "Doe",
            "address": null,
            "phone": "",
            "status": "ACTIVE",
            "created_at": "2022-10-12T22:04:52.244Z",
            "updated_at": "2022-10-12T22:04:52.244Z"
        }
    },
    {
        "model": "authenticate.profileacademy",
        "pk": 12,
        "fields": {
            "user": 8,
            "email": "marydoe@gmail.com",
            "academy": 1,
            "role": "student",
            "first_name": "Mary",
            "last_name": "Doe",
            "address": null,
            "phone": "",
            "status": "ACTIVE",
            "created_at": "2022-10-12T22:05:13.631Z",
            "updated_at": "2022-10-12T22:05:13.631Z"
        }
    },
    {
        "model": "authenticate.profileacademy",
        "pk": 13,
        "fields": {
            "user": 2,
            "email": "tgonzalez@4geeksacademy.com",
            "academy": 1,
            "role": "admin",
            "first_name": "Tomas",
            "last_name": "Gonzalez",
            "address": null,
            "phone": "",
            "status": "ACTIVE",
            "created_at": "2022-10-12T22:05:59.444Z",
            "updated_at": "2022-10-12T22:05:59.444Z"
        }
    },
    {
        "model": "authenticate.token",
        "pk": 7,
        "fields": {
            "created": "2022-10-13T00:10:10.276Z",
            "key": "fee18976a7bcd5e03652b79afe12cb87395d8b66",
            "user": 7,
            "token_type": "temporal",
            "expires_at": "2022-10-13T00:20:10.275Z"
        }
    },
    {
        "model": "authenticate.token",
        "pk": 8,
        "fields": {
            "created": "2022-10-13T00:10:10.280Z",
            "key": "1f4cf3431f9cfc3d90a4fd5ce3744635549d94ae",
            "user": 12,
            "token_type": "temporal",
            "expires_at": "2022-10-13T00:20:10.280Z"
        }
    },
    {
        "model": "authenticate.token",
        "pk": 9,
        "fields": {
            "created": "2022-10-13T00:10:10.292Z",
            "key": "1b3beda5794a1fefd22a26f0908800c8de635106",
            "user": 8,
            "token_type": "temporal",
            "expires_at": "2022-10-13T00:20:10.292Z"
        }
    },
    {
        "model": "authenticate.token",
        "pk": 10,
        "fields": {
            "created": "2022-10-13T00:17:50.746Z",
            "key": "ad96576994f98792ee2fecdb80ab13326e8397d0",
            "user": 2,
            "token_type": "permanent",
            "expires_at": null
        }
    },
    {
        "model": "authenticate.deviceid",
        "pk": 1,
        "fields": {
            "name": "server",
            "key": "27qc.91fd.19yg"
        }
    },
    {
        "model": "authenticate.credentialsgithub",
        "pk": 1,
        "fields": {
            "user": 1,
            "github_id": 80004528,
            "token": 7,
            "email": "aalejo@gmail.com",
            "name": "aalejo",
            "avatar_url": null,
            "username": "alesanchezr",
            "blog": null,
            "bio": null,
            "company": null,
            "twitter_username": null,
            "created_at": "2022-10-13T13:25:34.965Z",
            "updated_at": "2022-10-13T13:25:34.965Z"
        }
    }
]
